calibration_factor,energy_intercept,energy_slope,min_tokens,max_tokens,min_energy,max_energy,mean_energy,linear_r2,correlation,train_r2,test_r2,train_mae,test_mae,train_rmse,test_rmse,cv_r2_mean,cv_r2_std
22.069669135595234,9.26858138569117,0.3310450370339285,5,202,3.431807502056472,79.31053999927826,33.08396134991199,0.8710010592587949,0.9332743751216969,0.9910042181397872,0.9812299166636359,0.861155792272407,1.1534279493813813,1.146441109534828,1.6254535407379667,0.9820236083855525,0.0011822592851441526
