Model,RMSE,MAE,R²
Random Forest,1.2668590941833051,0.8491879590476191,0.5657117486080092
Gradient Boosting,1.1131333418362255,0.7029520738476736,0.6647136779122725
