Model,RMSE,MAE,R²
Linear Regression,1.8331593489517564,1.609325259437395,0.09066922364394492
Random Forest,1.1802037371528644,0.7712693811904768,0.6230919397345185
